<?xml version="1.0" encoding="UTF-8"?>
<!DOCTYPE configuration
  PUBLIC "-//mybatis.org//DTD Config 3.0//EN"
  "http://mybatis.org/dtd/mybatis-3-config.dtd">
  
<configuration>
    <!-- DB 접속 정보 변수 선언 -->
    <properties>
        <property name="url"         value="jdbc:oracle:thin:@//localhost:1521/XE"/>
        <property name="driver"      value="oracle.jdbc.OracleDriver"/>
        <property name="user"        value="SCOTT"/>
        <property name="password"    value="TIGER"/>
    </properties>
    
    <!-- 데이터베이스 테이블 컬럼명에 _(underscore)가 있는 이름을
         자바의 낙타표기법으로 자동 변경하는 설정 켜기 -->
    <settings>
        <setting name="mapUnderscoreToCamelCase" value="true"/>
    </settings>
    
    <!-- VO 클래스 별칭 등록 -->
    <typeAliases>
        <!-- TODO : 아래와 같은 형식으로
                    Product, PrimaryKey, Price 클래스 3개 타입앨리어스 등록 -->
        <!-- typeAlias type="mybatis.emp.vo.Emp" alias="Emp"/-->
    </typeAliases>
    
    <!-- DB 접속 환경 설정 -->
    <environments default="oracleXE">
        <environment id="oracleXE">
            <transactionManager type="JDBC" />
            <dataSource type="POOLED">
                <property name="url"      value="${url}"/>
                <property name="username" value="${user}"/>
                <property name="password" value="${password}"/>
                <property name="driver"   value="${driver}"/>
            </dataSource>
        </environment>
    </environments>
    
    <!-- SQL 쿼리가 따로 저장되는 파일을 등록 -->
    <mappers>
        <!-- TODO : 아래와 같이 ProductMapper.xml 등록 -->
        <!-- mapper resource="mybatis/emp/mapper/EmpMapper.xml"/-->
    </mappers>
</configuration>  




